{
   "default_Model": {
      "time": 300,
      "optimal": false,
      "obj": 1635,
      "solution": [
         [
            22,
            30,
            34,
            38,
            56,
            60,
            66,
            70,
            74,
            76,
            79,
            83,
            69,
            73,
            77,
            63,
            67,
            71,
            16,
            14
         ],
         [
            93
         ],
         [
            26
         ],
         [
            7
         ],
         [
            19
         ],
         [
            52,
            45,
            5,
            21
         ],
         [
            24
         ],
         [
            8
         ],
         [
            29
         ],
         [
            65,
            35
         ],
         [
            4
         ],
         [
            13,
            81,
            89,
            41
         ],
         [
            10
         ],
         [
            55,
            1,
            91,
            53,
            28,
            37,
            33,
            15,
            58,
            27,
            61,
            43,
            59,
            48,
            94
         ],
         [
            90,
            82
         ],
         [
            20
         ],
         [
            25,
            42,
            85,
            88,
            32,
            44,
            50,
            36,
            18,
            92,
            40,
            6
         ],
         [
            31,
            23,
            47,
            95,
            2
         ],
         [
            84,
            62,
            54,
            64,
            72,
            51,
            80,
            3,
            12
         ],
         [
            46,
            87,
            17,
            49,
            11,
            78,
            57,
            39,
            9,
            75,
            68,
            86
         ]
      ]
   },
   "default_Model_ImpliedCons": {
      "time": 300,
      "optimal": false,
      "obj": "Inf",
      "solution": []
   },
   "default_Model_SymmBreak": {
      "time": 300,
      "optimal": false,
      "obj": "Inf",
      "solution": []
   },
   "default_Model_Implied_And_SymBreak": {
      "time": 300,
      "optimal": false,
      "obj": "Inf",
      "solution": []
   },
   "defaultModel_with_focus": {
      "time": 300,
      "optimal": false,
      "obj": 1635,
      "solution": [
         [
            22,
            30,
            34,
            38,
            56,
            60,
            66,
            70,
            74,
            76,
            79,
            83,
            69,
            73,
            77,
            63,
            67,
            71,
            16,
            14
         ],
         [
            93
         ],
         [
            26
         ],
         [
            7
         ],
         [
            19
         ],
         [
            52,
            45,
            5,
            21
         ],
         [
            24
         ],
         [
            8
         ],
         [
            29
         ],
         [
            65,
            35
         ],
         [
            4
         ],
         [
            13,
            81,
            89,
            41
         ],
         [
            10
         ],
         [
            55,
            1,
            91,
            53,
            28,
            37,
            33,
            15,
            58,
            27,
            61,
            43,
            59,
            48,
            94
         ],
         [
            90,
            82
         ],
         [
            20
         ],
         [
            25,
            42,
            85,
            88,
            32,
            44,
            50,
            36,
            18,
            92,
            40,
            6
         ],
         [
            31,
            23,
            47,
            95,
            2
         ],
         [
            84,
            62,
            54,
            64,
            72,
            51,
            80,
            3,
            12
         ],
         [
            46,
            87,
            17,
            49,
            11,
            78,
            57,
            39,
            9,
            75,
            68,
            86
         ]
      ]
   },
   "second_Model": {
      "time": 300,
      "optimal": false,
      "obj": 2910,
      "solution": [
         [
            47
         ],
         [
            78,
            94
         ],
         [
            24,
            80,
            51,
            50,
            76,
            3,
            53,
            12
         ],
         [
            72
         ],
         [
            1
         ],
         [
            25,
            81,
            19,
            74,
            93,
            38,
            27,
            39,
            5,
            21
         ],
         [
            17,
            64,
            16,
            55,
            20,
            92,
            68,
            8,
            13,
            63,
            43,
            86,
            84,
            59,
            41,
            70
         ],
         [
            88
         ],
         [
            9,
            69,
            73,
            62,
            44,
            37
         ],
         [
            33
         ],
         [
            65
         ],
         [
            7,
            6,
            48,
            10,
            2,
            18,
            14,
            67,
            56,
            66,
            36,
            71,
            85,
            22,
            42
         ],
         [
            54,
            28,
            26,
            91,
            83,
            75,
            23,
            30,
            15,
            46
         ],
         [
            60
         ],
         [
            58,
            29
         ],
         [
            32
         ],
         [
            95
         ],
         [
            31,
            82,
            35,
            34,
            49,
            40,
            4,
            90,
            77,
            61,
            52,
            89,
            45,
            79,
            11
         ],
         [
            57
         ],
         [
            87
         ]
      ]
   },
   "second_Model_implied_Cons": {
      "time": 300,
      "optimal": false,
      "obj": 4904,
      "solution": [
         [
            67,
            48,
            24,
            51,
            6,
            18,
            2
         ],
         [
            66,
            22,
            21,
            31,
            79,
            52
         ],
         [
            8,
            93,
            27,
            39
         ],
         [
            41,
            43,
            86,
            62,
            69,
            9
         ],
         [
            1,
            94,
            78,
            32,
            65
         ],
         [
            57,
            95,
            88,
            47
         ],
         [
            61
         ],
         [
            70,
            59,
            60
         ],
         [
            13,
            63,
            49
         ],
         [
            54,
            11,
            89
         ],
         [
            45,
            77,
            35,
            34,
            4,
            90
         ],
         [
            42,
            10,
            3,
            14,
            56,
            85
         ],
         [
            28,
            64,
            55,
            20
         ],
         [
            72,
            37
         ],
         [
            40,
            80,
            53,
            38,
            92
         ],
         [
            82,
            91,
            26,
            46
         ],
         [
            25,
            7,
            5,
            16,
            17,
            87
         ],
         [
            75,
            23,
            30,
            15,
            29
         ],
         [
            83,
            50,
            76,
            44,
            73,
            58,
            12,
            36,
            71,
            33
         ],
         [
            68,
            74,
            19,
            81,
            84
         ]
      ]
   },
   "second_Model_symmBreak": {
      "time": 300,
      "optimal": false,
      "obj": "Inf",
      "solution": []
   },
   "second_Model_implied_And_SymBreak": {
      "time": 300,
      "optimal": false,
      "obj": 7649,
      "solution": [
         [
            91,
            77,
            49
         ],
         [
            57
         ],
         [
            42,
            1,
            67,
            3,
            6
         ],
         [
            72,
            17,
            93
         ],
         [
            90,
            76,
            56,
            94,
            84,
            86,
            92,
            68
         ],
         [
            85,
            88
         ],
         [
            8,
            39,
            30,
            62,
            45
         ],
         [
            15,
            53,
            89,
            44,
            61,
            65,
            7,
            80,
            33,
            87,
            37
         ],
         [
            74,
            32,
            29,
            71
         ],
         [
            20,
            24,
            59,
            9
         ],
         [
            38,
            23
         ],
         [
            46,
            83,
            48,
            28,
            52,
            58
         ],
         [
            54,
            51,
            40,
            34,
            82,
            43,
            26
         ],
         [
            95,
            47,
            19,
            63
         ],
         [
            69,
            55,
            27
         ],
         [
            4,
            70,
            11,
            22,
            35,
            75,
            16,
            79,
            5,
            73
         ],
         [
            13,
            31,
            41
         ],
         [
            21,
            12,
            18,
            2,
            25
         ],
         [
            78,
            66,
            50
         ],
         [
            60,
            81,
            14,
            36,
            64,
            10
         ]
      ]
   }
}