{
   "default_Model": {
      "time": 300,
      "optimal": false,
      "obj": 490,
      "solution": [
         [
            31,
            41,
            36,
            23,
            25,
            15,
            2,
            12,
            24,
            43,
            32,
            44,
            34,
            10,
            27,
            3,
            6,
            22,
            11,
            45,
            37,
            7
         ],
         [
            29,
            5,
            8,
            13,
            33,
            19,
            4,
            14,
            28,
            16,
            20,
            1
         ],
         [
            26,
            18,
            17,
            40,
            38,
            47,
            21,
            30,
            39,
            42,
            46,
            9,
            35
         ]
      ]
   },
   "default_Model_ImpliedCons": {
      "time": 300,
      "optimal": false,
      "obj": 514,
      "solution": [
         [
            10,
            45,
            27,
            3,
            6,
            42,
            46,
            9,
            39,
            43,
            38,
            47,
            21,
            24,
            30,
            25
         ],
         [
            23,
            26,
            18,
            17,
            8,
            13,
            33,
            20,
            29,
            5,
            40,
            15,
            2,
            44,
            32
         ],
         [
            31,
            12,
            7,
            37,
            35,
            34,
            11,
            22,
            19,
            4,
            14,
            28,
            1,
            16,
            36,
            41
         ]
      ]
   },
   "default_Model_SymmBreak": {
      "time": 300,
      "optimal": false,
      "obj": 456,
      "solution": [
         [
            35,
            34,
            10,
            45,
            22,
            42,
            46,
            21,
            12,
            38,
            40,
            47,
            24,
            43,
            39,
            30,
            2
         ],
         [
            32,
            44,
            9,
            7,
            27,
            3,
            6,
            11,
            37,
            26,
            18,
            17,
            25,
            15,
            23,
            36
         ],
         [
            31,
            1,
            4,
            14,
            28,
            16,
            20,
            29,
            5,
            8,
            13,
            33,
            19,
            41
         ]
      ]
   },
   "default_Model_Implied_And_SymBreak": {
      "time": 300,
      "optimal": false,
      "obj": 470,
      "solution": [
         [
            44,
            32,
            9,
            46,
            24,
            43,
            42,
            45,
            10,
            22,
            27,
            6,
            3,
            11,
            34,
            35,
            37,
            7
         ],
         [
            19,
            33,
            13,
            8,
            5,
            29,
            20,
            16,
            1,
            28,
            4,
            14,
            41
         ],
         [
            26,
            18,
            17,
            47,
            21,
            12,
            40,
            38,
            39,
            30,
            2,
            15,
            25,
            23,
            36,
            31
         ]
      ]
   },
   "defaultModel_with_focus": {
      "time": 300,
      "optimal": false,
      "obj": 490,
      "solution": [
         [
            31,
            41,
            36,
            23,
            25,
            15,
            2,
            12,
            24,
            43,
            32,
            44,
            34,
            10,
            27,
            3,
            6,
            22,
            11,
            45,
            37,
            7
         ],
         [
            29,
            5,
            8,
            13,
            33,
            19,
            4,
            14,
            28,
            16,
            20,
            1
         ],
         [
            26,
            18,
            17,
            40,
            38,
            47,
            21,
            30,
            39,
            42,
            46,
            9,
            35
         ]
      ]
   },
   "second_Model": {
      "time": 300,
      "optimal": false,
      "obj": 1374,
      "solution": [
         [
            7,
            22,
            27,
            6,
            3,
            45,
            10,
            11,
            43,
            24,
            21,
            38,
            12,
            47,
            30,
            2,
            15,
            25,
            36
         ],
         [
            23,
            26,
            18,
            17,
            40,
            39,
            42,
            46,
            34,
            37,
            35,
            9,
            44,
            32
         ],
         [
            31,
            4,
            1,
            14,
            28,
            16,
            20,
            5,
            29,
            8,
            13,
            33,
            19,
            41
         ]
      ]
   },
   "second_Model_implied_Cons": {
      "time": 300,
      "optimal": false,
      "obj": 1324,
      "solution": [
         [
            31,
            23,
            15,
            25,
            26,
            18,
            17,
            40,
            38,
            12,
            21,
            24,
            47,
            30,
            2,
            34,
            11,
            45,
            22,
            7
         ],
         [
            37,
            32,
            44,
            39,
            43,
            46,
            42,
            9,
            35,
            27,
            6,
            3,
            10
         ],
         [
            36,
            16,
            20,
            29,
            5,
            8,
            13,
            33,
            19,
            4,
            1,
            14,
            28,
            41
         ]
      ]
   },
   "second_Model_symmBreak": {
      "time": 300,
      "optimal": false,
      "obj": 1346,
      "solution": [
         [
            44,
            32,
            2,
            30,
            39,
            43,
            42,
            46,
            21,
            47,
            24,
            12,
            38,
            40,
            17,
            25,
            15,
            23,
            31
         ],
         [
            27,
            3,
            6,
            11,
            34,
            10,
            45,
            22,
            19,
            7,
            37,
            35,
            9
         ],
         [
            41,
            36,
            26,
            18,
            5,
            29,
            8,
            13,
            33,
            20,
            16,
            1,
            4,
            14,
            28
         ]
      ]
   },
   "second_Model_implied_And_SymBreak": {
      "time": 300,
      "optimal": false,
      "obj": 1404,
      "solution": [
         [
            30,
            47,
            24,
            21,
            12,
            38,
            40,
            18,
            17,
            26,
            37,
            34,
            10,
            45,
            22,
            7
         ],
         [
            36,
            1,
            4,
            19,
            33,
            13,
            8,
            5,
            29,
            20,
            16,
            28,
            14,
            32,
            44,
            31
         ],
         [
            23,
            25,
            15,
            2,
            39,
            43,
            46,
            42,
            9,
            11,
            27,
            3,
            6,
            35,
            41
         ]
      ]
   }
}