{
   "default_Model": {
      "time": 300,
      "optimal": false,
      "obj": "Inf",
      "solution": []
   },
   "default_Model_ImpliedCons": {
      "time": 300,
      "optimal": false,
      "obj": "Inf",
      "solution": []
   },
   "default_Model_SymmBreak": {
      "time": 300,
      "optimal": false,
      "obj": "Inf",
      "solution": []
   },
   "default_Model_Implied_And_SymBreak": {
      "time": 300,
      "optimal": false,
      "obj": "Inf",
      "solution": []
   },
   "defaultModel_with_focus": {
      "time": 300,
      "optimal": false,
      "obj": "Inf",
      "solution": []
   },
   "second_Model": {
      "time": 300,
      "optimal": false,
      "obj": "Inf",
      "solution": []
   },
   "second_Model_implied_Cons": {
      "time": 300,
      "optimal": false,
      "obj": "Inf",
      "solution": []
   },
   "second_Model_symmBreak": {
      "time": 300,
      "optimal": false,
      "obj": "Inf",
      "solution": []
   },
   "second_Model_implied_And_SymBreak": {
      "time": 300,
      "optimal": false,
      "obj": "Inf",
      "solution": []
   }
}