{
   "default_Model": {
      "time": 5,
      "optimal": true,
      "obj": 286,
      "solution": [
         [
            11,
            30,
            24
         ],
         [
            26,
            38,
            47,
            36
         ],
         [
            17
         ],
         [
            20
         ],
         [
            34,
            6,
            22
         ],
         [
            37,
            19,
            23
         ],
         [
            31,
            13
         ],
         [
            29,
            18
         ],
         [
            9
         ],
         [
            35,
            44,
            27,
            7
         ],
         [
            5
         ],
         [
            43,
            10,
            14
         ],
         [
            25,
            8,
            1
         ],
         [
            42,
            12
         ],
         [
            41
         ],
         [
            46
         ],
         [
            40,
            15,
            2
         ],
         [
            3,
            21,
            39
         ],
         [
            33
         ],
         [
            45,
            28,
            4,
            16,
            32
         ]
      ]
   },
   "default_Model_ImpliedCons": {
      "time": 11,
      "optimal": true,
      "obj": 286,
      "solution": [
         [
            12
         ],
         [
            28,
            27,
            6
         ],
         [
            39,
            40,
            44,
            30
         ],
         [
            8
         ],
         [
            5
         ],
         [
            46,
            21
         ],
         [
            38,
            17,
            18
         ],
         [
            13,
            29
         ],
         [
            41,
            10,
            11,
            43,
            34
         ],
         [
            3,
            23
         ],
         [
            24,
            1,
            14
         ],
         [
            31,
            2,
            20,
            36
         ],
         [
            26
         ],
         [
            33
         ],
         [
            47,
            45,
            32
         ],
         [
            42,
            22
         ],
         [
            4,
            25,
            15,
            16
         ],
         [
            7
         ],
         [
            35,
            9,
            19
         ],
         [
            37
         ]
      ]
   },
   "default_Model_SymmBreak": {
      "time": 300,
      "optimal": false,
      "obj": "Inf",
      "solution": []
   },
   "default_Model_Implied_And_SymBreak": {
      "time": 300,
      "optimal": false,
      "obj": "Inf",
      "solution": []
   },
   "defaultModel_with_focus": {
      "time": 5,
      "optimal": true,
      "obj": 286,
      "solution": [
         [
            11,
            30,
            24
         ],
         [
            26,
            38,
            47,
            36
         ],
         [
            17
         ],
         [
            20
         ],
         [
            34,
            6,
            22
         ],
         [
            37,
            19,
            23
         ],
         [
            31,
            13
         ],
         [
            29,
            18
         ],
         [
            9
         ],
         [
            35,
            44,
            27,
            7
         ],
         [
            5
         ],
         [
            43,
            10,
            14
         ],
         [
            25,
            8,
            1
         ],
         [
            42,
            12
         ],
         [
            41
         ],
         [
            46
         ],
         [
            40,
            15,
            2
         ],
         [
            3,
            21,
            39
         ],
         [
            33
         ],
         [
            45,
            28,
            4,
            16,
            32
         ]
      ]
   },
   "second_Model": {
      "time": 300,
      "optimal": false,
      "obj": 2282,
      "solution": [
         [
            34
         ],
         [
            26,
            18,
            17,
            40,
            38,
            12,
            21,
            47,
            24,
            43
         ],
         [
            31
         ],
         [
            2
         ],
         [
            27,
            3,
            6,
            11,
            45,
            10
         ],
         [
            22
         ],
         [
            9
         ],
         [
            19,
            4
         ],
         [
            39
         ],
         [
            46,
            42
         ],
         [
            7
         ],
         [
            25,
            15,
            30
         ],
         [
            37
         ],
         [
            28,
            14,
            1,
            20,
            33,
            13,
            8,
            5,
            29,
            16
         ],
         [
            36
         ],
         [
            41
         ],
         [
            35
         ],
         [
            32
         ],
         [
            44
         ],
         [
            23
         ]
      ]
   },
   "second_Model_implied_Cons": {
      "time": 300,
      "optimal": false,
      "obj": 2344,
      "solution": [
         [
            30,
            15,
            25
         ],
         [
            37
         ],
         [
            46,
            42
         ],
         [
            31
         ],
         [
            39
         ],
         [
            32
         ],
         [
            7
         ],
         [
            26,
            18,
            17,
            40,
            38,
            12,
            21,
            47,
            24,
            43
         ],
         [
            35
         ],
         [
            44
         ],
         [
            23
         ],
         [
            22
         ],
         [
            34
         ],
         [
            16,
            29,
            5,
            8,
            13,
            33
         ],
         [
            36
         ],
         [
            2
         ],
         [
            28,
            14,
            1,
            20,
            19,
            4
         ],
         [
            9
         ],
         [
            10,
            45,
            11,
            3,
            6,
            27
         ],
         [
            41
         ]
      ]
   },
   "second_Model_symmBreak": {
      "time": 300,
      "optimal": false,
      "obj": "Inf",
      "solution": []
   },
   "second_Model_implied_And_SymBreak": {
      "time": 300,
      "optimal": false,
      "obj": "Inf",
      "solution": []
   }
}