{
   "default_Model": {
      "time": 300,
      "optimal": false,
      "obj": 848,
      "solution": [
         [
            13,
            6,
            58,
            26,
            5,
            4
         ],
         [
            63,
            28,
            41,
            23
         ],
         [
            14,
            10
         ],
         [
            64,
            66
         ],
         [
            56,
            15,
            36
         ],
         [
            2,
            33,
            65
         ],
         [
            7,
            52,
            53,
            45,
            50
         ],
         [
            68,
            25,
            1,
            35,
            70,
            17
         ],
         [
            8,
            18
         ],
         [
            16,
            24,
            49
         ],
         [
            43,
            47,
            12,
            38
         ],
         [
            29,
            32,
            22
         ],
         [
            51,
            37,
            44,
            71,
            19,
            62,
            46,
            67,
            40
         ],
         [
            39,
            42,
            60
         ],
         [
            61,
            69,
            20,
            9
         ],
         [
            11,
            57
         ],
         [
            54,
            34,
            55,
            27
         ],
         [
            59,
            30,
            3
         ],
         [
            21
         ],
         [
            48,
            31
         ]
      ]
   },
   "default_Model_ImpliedCons": {
      "time": 57,
      "optimal": true,
      "obj": 334,
      "solution": [
         [
            40,
            17
         ],
         [
            69,
            34,
            54,
            41
         ],
         [
            21,
            1
         ],
         [
            48,
            23,
            64,
            37
         ],
         [
            45,
            3,
            56,
            25,
            32,
            39
         ],
         [
            62,
            16
         ],
         [
            46,
            63,
            70
         ],
         [
            12,
            49,
            43,
            60,
            31,
            18
         ],
         [
            58,
            26
         ],
         [
            14,
            67,
            6
         ],
         [
            47,
            68,
            51
         ],
         [
            52,
            33,
            19
         ],
         [
            36,
            50,
            13,
            4
         ],
         [
            42,
            10,
            53
         ],
         [
            57,
            24,
            61
         ],
         [
            15,
            27
         ],
         [
            55,
            71,
            65,
            20,
            35,
            38,
            2
         ],
         [
            22,
            5,
            66
         ],
         [
            9,
            11,
            30,
            44,
            8
         ],
         [
            29,
            59,
            7,
            28
         ]
      ]
   },
   "default_Model_SymmBreak": {
      "time": 300,
      "optimal": false,
      "obj": "Inf",
      "solution": []
   },
   "default_Model_Implied_And_SymBreak": {
      "time": 300,
      "optimal": false,
      "obj": "Inf",
      "solution": []
   },
   "defaultModel_with_focus": {
      "time": 300,
      "optimal": false,
      "obj": 848,
      "solution": [
         [
            13,
            6,
            58,
            26,
            5,
            4
         ],
         [
            63,
            28,
            41,
            23
         ],
         [
            14,
            10
         ],
         [
            64,
            66
         ],
         [
            56,
            15,
            36
         ],
         [
            2,
            33,
            65
         ],
         [
            7,
            52,
            53,
            45,
            50
         ],
         [
            68,
            25,
            1,
            35,
            70,
            17
         ],
         [
            8,
            18
         ],
         [
            16,
            24,
            49
         ],
         [
            43,
            47,
            12,
            38
         ],
         [
            29,
            32,
            22
         ],
         [
            51,
            37,
            44,
            71,
            19,
            62,
            46,
            67,
            40
         ],
         [
            39,
            42,
            60
         ],
         [
            61,
            69,
            20,
            9
         ],
         [
            11,
            57
         ],
         [
            54,
            34,
            55,
            27
         ],
         [
            59,
            30,
            3
         ],
         [
            21
         ],
         [
            48,
            31
         ]
      ]
   },
   "second_Model": {
      "time": 300,
      "optimal": false,
      "obj": 2869,
      "solution": [
         [
            32,
            62,
            25
         ],
         [
            36,
            71,
            2,
            39,
            38,
            35
         ],
         [
            50,
            1,
            26,
            23,
            64
         ],
         [
            30
         ],
         [
            48
         ],
         [
            29,
            52,
            53,
            46,
            28,
            5,
            63,
            24,
            57,
            45,
            15
         ],
         [
            60,
            27,
            31,
            20,
            18,
            10,
            65,
            33,
            6,
            11
         ],
         [
            4
         ],
         [
            42,
            58
         ],
         [
            55
         ],
         [
            43,
            12,
            68,
            49,
            37,
            61,
            7,
            47,
            41,
            17,
            51,
            59,
            13
         ],
         [
            14
         ],
         [
            67
         ],
         [
            9,
            19
         ],
         [
            21
         ],
         [
            66
         ],
         [
            16,
            3,
            56,
            54,
            69
         ],
         [
            70
         ],
         [
            34,
            44,
            22,
            8
         ],
         [
            40
         ]
      ]
   },
   "second_Model_implied_Cons": {
      "time": 300,
      "optimal": false,
      "obj": 3129,
      "solution": [
         [
            23,
            1,
            64,
            47,
            17
         ],
         [
            14
         ],
         [
            37,
            58
         ],
         [
            30,
            9,
            19
         ],
         [
            39,
            32,
            62,
            34,
            44,
            22,
            8,
            45,
            15
         ],
         [
            61,
            59,
            49,
            7,
            43
         ],
         [
            55
         ],
         [
            4,
            52,
            13
         ],
         [
            66
         ],
         [
            48
         ],
         [
            6,
            10,
            33,
            65,
            31,
            70,
            60
         ],
         [
            57,
            24,
            63,
            5,
            28,
            46,
            53,
            29
         ],
         [
            67
         ],
         [
            40
         ],
         [
            21
         ],
         [
            38,
            2,
            35
         ],
         [
            3,
            16,
            56,
            54,
            69
         ],
         [
            25
         ],
         [
            50,
            41,
            51,
            68,
            26,
            12
         ],
         [
            42,
            11,
            27,
            20,
            18,
            36,
            71
         ]
      ]
   },
   "second_Model_symmBreak": {
      "time": 300,
      "optimal": false,
      "obj": "Inf",
      "solution": []
   },
   "second_Model_implied_And_SymBreak": {
      "time": 300,
      "optimal": false,
      "obj": "Inf",
      "solution": []
   }
}