{
   "maxDistanceObjModel": {
      "time": 0,
      "optimal": true,
      "obj": 14,
      "solution": [
         [
            1,
            3,
            4
         ],
         [
            2,
            5,
            6
         ]
      ]
   },
   "impliedMaxDistanceObjModel": {
      "time": 0,
      "optimal": true,
      "obj": 14,
      "solution": [
         [
            4,
            3,
            1
         ],
         [
            2,
            5,
            6
         ]
      ]
   },
   "symmBreakDMaxDistanceObjModel": {
      "time": 0,
      "optimal": true,
      "obj": 14,
      "solution": [
         [
            4,
            3,
            1
         ],
         [
            2,
            5,
            6
         ]
      ]
   },
   "impliedAndSymmBreakMaxDistanceObjModel": {
      "time": 0,
      "optimal": true,
      "obj": 14,
      "solution": [
         [
            1,
            3,
            4
         ],
         [
            2,
            5,
            6
         ]
      ]
   },
   "secondObjectiveModel": {
      "time": 0,
      "optimal": true,
      "obj": 28,
      "solution": [
         [
            4,
            3,
            1
         ],
         [
            2,
            5,
            6
         ]
      ]
   },
   "impliedSecondObjectiveModel": {
      "time": 0,
      "optimal": true,
      "obj": 28,
      "solution": [
         [
            4,
            3,
            1
         ],
         [
            2,
            5,
            6
         ]
      ]
   },
   "symmBreakSecondObjectiveModel": {
      "time": 0,
      "optimal": true,
      "obj": 28,
      "solution": [
         [
            4,
            3,
            1
         ],
         [
            2,
            5,
            6
         ]
      ]
   },
   "impliedAndSymmBreakSecondObjectiveModel": {
      "time": 0,
      "optimal": true,
      "obj": 28,
      "solution": [
         [
            4,
            3,
            1
         ],
         [
            2,
            5,
            6
         ]
      ]
   }
}