{
   "maxDistanceObjModel": {
      "time": 1,
      "optimal": true,
      "obj": 12,
      "solution": [
         [
            5,
            4,
            2
         ],
         [
            7,
            3
         ],
         [
            1,
            6
         ]
      ]
   },
   "impliedMaxDistanceObjModel": {
      "time": 1,
      "optimal": true,
      "obj": 12,
      "solution": [
         [
            3,
            6,
            5
         ],
         [
            4,
            2
         ],
         [
            1,
            7
         ]
      ]
   },
   "symmBreakDMaxDistanceObjModel": {
      "time": 0,
      "optimal": true,
      "obj": 12,
      "solution": [
         [
            5,
            4,
            2
         ],
         [
            6,
            3
         ],
         [
            1,
            7
         ]
      ]
   },
   "impliedAndSymmBreakMaxDistanceObjModel": {
      "time": 1,
      "optimal": true,
      "obj": 12,
      "solution": [
         [
            5,
            4,
            2
         ],
         [
            6,
            3
         ],
         [
            7,
            1
         ]
      ]
   },
   "secondObjectiveModel": {
      "time": 1,
      "optimal": true,
      "obj": 36,
      "solution": [
         [
            5,
            6,
            3
         ],
         [
            4,
            2
         ],
         [
            1,
            7
         ]
      ]
   },
   "impliedSecondObjectiveModel": {
      "time": 1,
      "optimal": true,
      "obj": 36,
      "solution": [
         [
            5,
            4,
            2
         ],
         [
            6,
            3
         ],
         [
            7,
            1
         ]
      ]
   },
   "symmBreakSecondObjectiveModel": {
      "time": 1,
      "optimal": true,
      "obj": 36,
      "solution": [
         [
            5,
            4,
            2
         ],
         [
            3,
            7
         ],
         [
            1,
            6
         ]
      ]
   },
   "impliedAndSymmBreakSecondObjectiveModel": {
      "time": 1,
      "optimal": true,
      "obj": 36,
      "solution": [
         [
            3,
            6,
            5
         ],
         [
            4,
            2
         ],
         [
            7,
            1
         ]
      ]
   }
}