{
   "defaultModelMaxDist": {
      "gecode": {
         "time": 0,
         "optimal": true,
         "obj": 14,
         "solution": [
            [
               1,
               3,
               4
            ],
            [
               2,
               5,
               6
            ]
         ]
      },
      "chuffed": {
         "time": 0,
         "optimal": true,
         "obj": 14,
         "solution": [
            [
               1,
               3,
               4
            ],
            [
               2,
               5,
               6
            ]
         ]
      }
   },
   "defaultModelObjFun": {
      "gecode": {
         "time": 0,
         "optimal": true,
         "obj": 14,
         "solution": [
            [
               1,
               3,
               4
            ],
            [
               2,
               5,
               6
            ]
         ]
      }
   },
   "impliedConsMaxDist": {
      "gecode": {
         "time": 0,
         "optimal": true,
         "obj": 14,
         "solution": [
            [
               1,
               3,
               4
            ],
            [
               2,
               5,
               6
            ]
         ]
      },
      "chuffed": {
         "time": 0,
         "optimal": true,
         "obj": 14,
         "solution": [
            [
               1,
               3,
               4
            ],
            [
               2,
               5,
               6
            ]
         ]
      }
   },
   "impliedConsObjFun": {
      "gecode": {
         "time": 0,
         "optimal": true,
         "obj": 14,
         "solution": [
            [
               1,
               3,
               4
            ],
            [
               2,
               5,
               6
            ]
         ]
      }
   }
}