{
   "defaultModelMaxDist": {
      "gecode": {
         "time": 300,
         "optimal": false,
         "obj": "None",
         "solution": null
      },
      "chuffed": {
         "time": 300,
         "optimal": false,
         "obj": "None",
         "solution": null
      }
   },
   "defaultModelObjFun": {
      "gecode": {
         "time": 300,
         "optimal": false,
         "obj": "None",
         "solution": null
      }
   },
   "impliedConsMaxDist": {
      "gecode": {
         "time": 300,
         "optimal": false,
         "obj": 615,
         "solution": [
            [
               1,
               21,
               41,
               61,
               81,
               110,
               111
            ],
            [
               2,
               22,
               42,
               62,
               83,
               112,
               137
            ],
            [
               3,
               23,
               43,
               63,
               86,
               89,
               94
            ],
            [
               4,
               24,
               44,
               64,
               95,
               114,
               122
            ],
            [
               5,
               25,
               45,
               65,
               96,
               113,
               128
            ],
            [
               6,
               26,
               46,
               66,
               98,
               124,
               130
            ],
            [
               7,
               27,
               47,
               67,
               100,
               116,
               141
            ],
            [
               8,
               28,
               48,
               68,
               101,
               118,
               127
            ],
            [
               9,
               29,
               49,
               69,
               134,
               139,
               125
            ],
            [
               10,
               30,
               50,
               70,
               85,
               136,
               135
            ],
            [
               11,
               31,
               51,
               71,
               90,
               97,
               106
            ],
            [
               12,
               32,
               52,
               72,
               102,
               119,
               121
            ],
            [
               13,
               33,
               53,
               73,
               103,
               120,
               143
            ],
            [
               14,
               34,
               54,
               74,
               104,
               126,
               132
            ],
            [
               15,
               35,
               55,
               75,
               105,
               117,
               138
            ],
            [
               16,
               36,
               56,
               76,
               107,
               129,
               131
            ],
            [
               17,
               37,
               57,
               77,
               87,
               88,
               108
            ],
            [
               18,
               38,
               58,
               78,
               91,
               92,
               123,
               115
            ],
            [
               19,
               39,
               59,
               79,
               109,
               133,
               140,
               142
            ],
            [
               20,
               40,
               60,
               80,
               82,
               84,
               93,
               99
            ]
         ]
      },
      "chuffed": {
         "time": 300,
         "optimal": false,
         "obj": 692,
         "solution": [
            [
               1
            ],
            [
               2
            ],
            [
               3,
               21,
               39,
               57,
               75,
               92,
               108,
               131,
               137
            ],
            [
               4,
               22,
               40,
               58
            ],
            [
               5,
               23,
               41,
               59,
               76,
               94,
               109,
               141
            ],
            [
               6,
               24,
               42,
               60,
               77,
               96,
               127,
               123
            ],
            [
               7,
               25,
               43,
               61,
               78,
               95,
               111,
               130
            ],
            [
               8,
               26,
               44,
               62,
               79,
               97,
               110,
               128
            ],
            [
               9,
               27,
               45,
               63,
               80,
               93,
               114,
               115
            ],
            [
               10,
               28,
               46,
               64,
               81,
               98,
               112,
               116
            ],
            [
               11,
               29,
               47,
               65,
               82,
               99,
               113,
               134
            ],
            [
               12,
               30,
               48,
               66,
               83,
               100,
               117,
               126
            ],
            [
               13,
               31,
               49,
               67,
               84,
               122,
               129,
               140
            ],
            [
               14,
               32,
               50,
               68,
               85,
               101,
               125,
               135
            ],
            [
               15,
               33,
               51,
               69,
               86,
               102,
               133,
               132
            ],
            [
               16,
               34,
               52,
               70,
               87,
               103,
               118,
               139
            ],
            [
               17,
               35,
               53,
               71,
               88,
               104,
               119,
               142
            ],
            [
               18,
               36,
               54,
               72,
               89,
               105,
               124,
               136
            ],
            [
               19,
               37,
               55,
               73,
               90,
               106,
               120,
               143
            ],
            [
               20,
               38,
               56,
               74,
               91,
               107,
               121,
               138
            ]
         ]
      }
   },
   "impliedConsObjFun": {
      "gecode": {
         "time": 300,
         "optimal": false,
         "obj": 895,
         "solution": [
            [
               1,
               21,
               41,
               61,
               81,
               101,
               121
            ],
            [
               2,
               22,
               42,
               62,
               82,
               102,
               122
            ],
            [
               3,
               23,
               43,
               63,
               83,
               103,
               123
            ],
            [
               4,
               24,
               44,
               64,
               84,
               104,
               124
            ],
            [
               5,
               25,
               45,
               65,
               85,
               105,
               125
            ],
            [
               6,
               26,
               46,
               66,
               86,
               106,
               126
            ],
            [
               7,
               27,
               47,
               67,
               87,
               107,
               127
            ],
            [
               8,
               28,
               48,
               68,
               88,
               108,
               128
            ],
            [
               9,
               29,
               49,
               69,
               89,
               109,
               129
            ],
            [
               10,
               30,
               50,
               70,
               90,
               110,
               130
            ],
            [
               11,
               31,
               51,
               71,
               91,
               111,
               131
            ],
            [
               12,
               32,
               52,
               72,
               92,
               112,
               132
            ],
            [
               13,
               33,
               53,
               73,
               93,
               113,
               133
            ],
            [
               14,
               34,
               54,
               74,
               94,
               114,
               141
            ],
            [
               15,
               35,
               55,
               75,
               95,
               115,
               140
            ],
            [
               16,
               36,
               56,
               76,
               96,
               116,
               137
            ],
            [
               17,
               37,
               57,
               77,
               97,
               117,
               135
            ],
            [
               18,
               38,
               58,
               78,
               98,
               118,
               142,
               139
            ],
            [
               19,
               39,
               59,
               79,
               99,
               119,
               138,
               136
            ],
            [
               20,
               40,
               60,
               80,
               100,
               120,
               143,
               134
            ]
         ]
      }
   }
}