{
   "defaultModelMaxDist": {
      "gecode": {
         "time": 300,
         "optimal": false,
         "obj": 381,
         "solution": [
            [
               1,
               21,
               41,
               80
            ],
            [
               2,
               22,
               42,
               82
            ],
            [
               3,
               23,
               43,
               52
            ],
            [
               4,
               24,
               44,
               54
            ],
            [
               5,
               25,
               45,
               57
            ],
            [
               6,
               26,
               46,
               83,
               86
            ],
            [
               7,
               27,
               62,
               73,
               60
            ],
            [
               8,
               28,
               47,
               65,
               87
            ],
            [
               9,
               29,
               50,
               51,
               53
            ],
            [
               10,
               30,
               63,
               69,
               81
            ],
            [
               11,
               31,
               64,
               92,
               93
            ],
            [
               12,
               32,
               67,
               85,
               95
            ],
            [
               13,
               33,
               48,
               78,
               88
            ],
            [
               14,
               34,
               71,
               79,
               89
            ],
            [
               15,
               35,
               68,
               74,
               84
            ],
            [
               16,
               36,
               75,
               77,
               90
            ],
            [
               17,
               37,
               76,
               91,
               94
            ],
            [
               18,
               38,
               55,
               56,
               66
            ],
            [
               19,
               39,
               58,
               59,
               70
            ],
            [
               20,
               40,
               49,
               61,
               72
            ]
         ]
      },
      "chuffed": {
         "time": 300,
         "optimal": false,
         "obj": "None",
         "solution": null
      }
   },
   "defaultModelObjFun": {
      "gecode": {
         "time": 300,
         "optimal": false,
         "obj": 767,
         "solution": [
            [
               1,
               21,
               41,
               61
            ],
            [
               2,
               22,
               42,
               62
            ],
            [
               3,
               23,
               43,
               63
            ],
            [
               4,
               24,
               44,
               64
            ],
            [
               5,
               25,
               45,
               65
            ],
            [
               6,
               26,
               46,
               66,
               81
            ],
            [
               7,
               27,
               47,
               67,
               82
            ],
            [
               8,
               28,
               48,
               68,
               83
            ],
            [
               9,
               29,
               49,
               69,
               84
            ],
            [
               10,
               30,
               50,
               70,
               85
            ],
            [
               11,
               31,
               51,
               71,
               87
            ],
            [
               12,
               32,
               52,
               72,
               86
            ],
            [
               13,
               33,
               53,
               73,
               92
            ],
            [
               14,
               34,
               54,
               74,
               93
            ],
            [
               15,
               35,
               55,
               75,
               91
            ],
            [
               16,
               36,
               56,
               76,
               88
            ],
            [
               17,
               37,
               57,
               77,
               90
            ],
            [
               18,
               38,
               58,
               78,
               94
            ],
            [
               19,
               39,
               59,
               79,
               89
            ],
            [
               20,
               40,
               60,
               80,
               95
            ]
         ]
      }
   },
   "impliedConsMaxDist": {
      "gecode": {
         "time": 300,
         "optimal": false,
         "obj": 381,
         "solution": [
            [
               1,
               21,
               41,
               80
            ],
            [
               2,
               22,
               42,
               82
            ],
            [
               3,
               23,
               43,
               52
            ],
            [
               4,
               24,
               44,
               54
            ],
            [
               5,
               25,
               45,
               57
            ],
            [
               6,
               26,
               46,
               83,
               86
            ],
            [
               7,
               27,
               62,
               73,
               60
            ],
            [
               8,
               28,
               47,
               65,
               87
            ],
            [
               9,
               29,
               50,
               51,
               53
            ],
            [
               10,
               30,
               63,
               69,
               81
            ],
            [
               11,
               31,
               64,
               92,
               93
            ],
            [
               12,
               32,
               67,
               85,
               95
            ],
            [
               13,
               33,
               48,
               78,
               88
            ],
            [
               14,
               34,
               71,
               79,
               89
            ],
            [
               15,
               35,
               68,
               74,
               84
            ],
            [
               16,
               36,
               75,
               77,
               90
            ],
            [
               17,
               37,
               76,
               91,
               94
            ],
            [
               18,
               38,
               55,
               56,
               66
            ],
            [
               19,
               39,
               58,
               59,
               70
            ],
            [
               20,
               40,
               49,
               61,
               72
            ]
         ]
      },
      "chuffed": {
         "time": 300,
         "optimal": false,
         "obj": 632,
         "solution": [
            [
               1
            ],
            [
               2
            ],
            [
               3
            ],
            [
               4
            ],
            [
               5,
               21,
               37,
               53,
               69,
               86
            ],
            [
               6,
               22,
               38,
               54,
               70,
               87
            ],
            [
               7,
               23,
               39,
               55,
               72,
               95
            ],
            [
               8,
               24,
               40,
               82,
               79,
               57
            ],
            [
               9,
               25,
               41,
               56,
               71,
               88
            ],
            [
               10,
               26,
               42,
               58,
               73,
               89
            ],
            [
               11,
               27,
               43,
               59,
               74,
               90
            ],
            [
               12,
               28,
               44,
               60,
               75,
               91
            ],
            [
               13,
               29,
               45,
               61,
               76,
               94
            ],
            [
               14,
               30,
               46,
               62,
               77,
               92
            ],
            [
               15,
               31,
               47,
               63,
               78,
               93
            ],
            [
               16,
               32,
               48,
               64,
               80
            ],
            [
               17,
               33,
               49,
               65,
               81
            ],
            [
               18,
               34,
               50,
               66,
               83
            ],
            [
               19,
               35,
               51,
               67,
               84
            ],
            [
               20,
               36,
               52,
               68,
               85
            ]
         ]
      }
   },
   "impliedConsObjFun": {
      "gecode": {
         "time": 300,
         "optimal": false,
         "obj": 767,
         "solution": [
            [
               1,
               21,
               41,
               61
            ],
            [
               2,
               22,
               42,
               62
            ],
            [
               3,
               23,
               43,
               63
            ],
            [
               4,
               24,
               44,
               64
            ],
            [
               5,
               25,
               45,
               65
            ],
            [
               6,
               26,
               46,
               66,
               81
            ],
            [
               7,
               27,
               47,
               67,
               82
            ],
            [
               8,
               28,
               48,
               68,
               83
            ],
            [
               9,
               29,
               49,
               69,
               84
            ],
            [
               10,
               30,
               50,
               70,
               85
            ],
            [
               11,
               31,
               51,
               71,
               87
            ],
            [
               12,
               32,
               52,
               72,
               86
            ],
            [
               13,
               33,
               53,
               73,
               92
            ],
            [
               14,
               34,
               54,
               74,
               93
            ],
            [
               15,
               35,
               55,
               75,
               91
            ],
            [
               16,
               36,
               56,
               76,
               88
            ],
            [
               17,
               37,
               57,
               77,
               90
            ],
            [
               18,
               38,
               58,
               78,
               94
            ],
            [
               19,
               39,
               59,
               79,
               89
            ],
            [
               20,
               40,
               60,
               80,
               95
            ]
         ]
      }
   }
}