{
   "defaultModelMaxDist": {
      "gecode": {
         "time": 300,
         "optimal": false,
         "obj": "None",
         "solution": null
      },
      "chuffed": {
         "time": 300,
         "optimal": false,
         "obj": "None",
         "solution": null
      }
   },
   "defaultModelObjFun": {
      "gecode": {
         "time": 300,
         "optimal": false,
         "obj": "None",
         "solution": null
      }
   },
   "impliedConsMaxDist": {
      "gecode": {
         "time": 300,
         "optimal": false,
         "obj": "None",
         "solution": null
      },
      "chuffed": {
         "time": 300,
         "optimal": false,
         "obj": 1074,
         "solution": [
            [
               1,
               4,
               7,
               10,
               13,
               16,
               19,
               22,
               25,
               28,
               31,
               34,
               45,
               42,
               43,
               39,
               41
            ],
            [
               2,
               5,
               8,
               11,
               14,
               17,
               20,
               23,
               26,
               29,
               32,
               35,
               40,
               38,
               47
            ],
            [
               3,
               6,
               9,
               12,
               15,
               18,
               21,
               24,
               27,
               30,
               33,
               36,
               37,
               46,
               44
            ]
         ]
      }
   },
   "impliedConsObjFun": {
      "gecode": {
         "time": 300,
         "optimal": false,
         "obj": "None",
         "solution": null
      }
   }
}