{
   "defaultModelMaxDist": {
      "gecode": {
         "time": 300,
         "optimal": false,
         "obj": null,
         "solution": null
      },
      "chuffed": {
         "time": 300,
         "optimal": false,
         "obj": null,
         "solution": null
      }
   },
   "defaultModelObjFun": {
      "gecode": {
         "time": 300,
         "optimal": false,
         "obj": null,
         "solution": null
      }
   },
   "impliedConsMaxDist": {
      "gecode": {
         "time": 300,
         "optimal": false,
         "obj": null,
         "solution": null
      },
      "chuffed": {
         "time": 300,
         "optimal": false,
         "obj": null,
         "solution": null
      }
   },
   "impliedConsObjFun": {
      "gecode": {
         "time": 300,
         "optimal": false,
         "obj": null,
         "solution": null
      }
   }
}