{
   "defaultModelMaxDist": {
      "gecode": {
         "time": 0,
         "optimal": true,
         "obj": 286,
         "solution": [
            [
               1,
               21
            ],
            [
               2,
               22
            ],
            [
               3,
               23
            ],
            [
               4,
               24
            ],
            [
               5,
               25
            ],
            [
               6,
               26
            ],
            [
               7,
               27
            ],
            [
               8,
               28
            ],
            [
               9,
               29
            ],
            [
               10,
               30
            ],
            [
               11,
               31
            ],
            [
               12,
               32
            ],
            [
               13,
               33
            ],
            [
               14,
               34,
               42
            ],
            [
               15,
               35,
               46
            ],
            [
               16,
               36,
               47
            ],
            [
               17,
               37,
               45
            ],
            [
               18,
               38,
               40
            ],
            [
               19,
               41,
               44
            ],
            [
               20,
               39,
               43
            ]
         ]
      },
      "chuffed": {
         "time": 300,
         "optimal": false,
         "obj": "None",
         "solution": null
      }
   },
   "defaultModelObjFun": {
      "gecode": {
         "time": 300,
         "optimal": false,
         "obj": 286,
         "solution": [
            [
               1,
               21
            ],
            [
               2,
               22
            ],
            [
               3,
               23
            ],
            [
               4,
               24
            ],
            [
               5,
               25
            ],
            [
               6,
               26
            ],
            [
               7,
               27
            ],
            [
               8,
               28
            ],
            [
               9,
               29
            ],
            [
               10,
               30
            ],
            [
               11,
               31
            ],
            [
               12,
               32
            ],
            [
               13,
               33
            ],
            [
               14,
               34,
               37
            ],
            [
               15,
               38,
               46
            ],
            [
               16,
               39,
               44
            ],
            [
               17,
               40,
               47
            ],
            [
               18,
               43,
               42
            ],
            [
               19,
               45,
               35
            ],
            [
               20,
               36,
               41
            ]
         ]
      }
   },
   "impliedConsMaxDist": {
      "gecode": {
         "time": 0,
         "optimal": true,
         "obj": 286,
         "solution": [
            [
               1,
               21
            ],
            [
               2,
               22
            ],
            [
               3,
               23
            ],
            [
               4,
               24
            ],
            [
               5,
               25
            ],
            [
               6,
               26
            ],
            [
               7,
               27
            ],
            [
               8,
               28
            ],
            [
               9,
               29
            ],
            [
               10,
               30
            ],
            [
               11,
               31
            ],
            [
               12,
               32
            ],
            [
               13,
               33
            ],
            [
               14,
               34,
               42
            ],
            [
               15,
               35,
               46
            ],
            [
               16,
               36,
               47
            ],
            [
               17,
               37,
               45
            ],
            [
               18,
               38,
               40
            ],
            [
               19,
               41,
               44
            ],
            [
               20,
               39,
               43
            ]
         ]
      },
      "chuffed": {
         "time": 6,
         "optimal": true,
         "obj": 286,
         "solution": [
            [
               1
            ],
            [
               2
            ],
            [
               3
            ],
            [
               4
            ],
            [
               5
            ],
            [
               6
            ],
            [
               7,
               21,
               34,
               45
            ],
            [
               8
            ],
            [
               9,
               22,
               46
            ],
            [
               10,
               23,
               35
            ],
            [
               11,
               24,
               37
            ],
            [
               12,
               25,
               40
            ],
            [
               13,
               26,
               36
            ],
            [
               14,
               27,
               41
            ],
            [
               15,
               28,
               43
            ],
            [
               16,
               29,
               38
            ],
            [
               17,
               30,
               47
            ],
            [
               18,
               31,
               42
            ],
            [
               19,
               32,
               44
            ],
            [
               20,
               33,
               39
            ]
         ]
      }
   },
   "impliedConsObjFun": {
      "gecode": {
         "time": 300,
         "optimal": false,
         "obj": 286,
         "solution": [
            [
               1,
               21
            ],
            [
               2,
               22
            ],
            [
               3,
               23
            ],
            [
               4,
               24
            ],
            [
               5,
               25
            ],
            [
               6,
               26
            ],
            [
               7,
               27
            ],
            [
               8,
               28
            ],
            [
               9,
               29
            ],
            [
               10,
               30
            ],
            [
               11,
               31
            ],
            [
               12,
               32
            ],
            [
               13,
               33
            ],
            [
               14,
               34,
               37
            ],
            [
               15,
               38,
               46
            ],
            [
               16,
               39,
               44
            ],
            [
               17,
               40,
               47
            ],
            [
               18,
               43,
               42
            ],
            [
               19,
               45,
               35
            ],
            [
               20,
               36,
               41
            ]
         ]
      }
   }
}