{
   "defaultModelMaxDist": {
      "gecode": {
         "time": 300,
         "optimal": false,
         "obj": "None",
         "solution": null
      },
      "chuffed": {
         "time": 300,
         "optimal": false,
         "obj": "None",
         "solution": null
      }
   },
   "defaultModelObjFun": {
      "gecode": {
         "time": 300,
         "optimal": false,
         "obj": "None",
         "solution": null
      }
   },
   "impliedConsMaxDist": {
      "gecode": {
         "time": 300,
         "optimal": false,
         "obj": 819,
         "solution": [
            [
               1,
               21,
               41,
               61,
               81,
               101,
               121,
               165,
               152
            ],
            [
               2,
               22,
               42,
               62,
               82,
               102,
               122,
               125,
               128
            ],
            [
               3,
               23,
               43,
               63,
               83,
               103,
               123,
               157,
               176
            ],
            [
               4,
               24,
               44,
               64,
               84,
               104,
               124,
               158,
               160
            ],
            [
               5,
               25,
               45,
               65,
               85,
               105,
               127,
               130,
               135
            ],
            [
               6,
               26,
               46,
               66,
               86,
               106,
               126,
               131,
               138
            ],
            [
               7,
               27,
               47,
               67,
               87,
               107,
               129,
               159,
               177
            ],
            [
               8,
               28,
               48,
               68,
               88,
               108,
               132,
               162,
               182
            ],
            [
               9,
               29,
               49,
               69,
               89,
               109,
               133,
               164,
               179
            ],
            [
               10,
               30,
               50,
               70,
               90,
               110,
               134,
               166,
               169,
               171
            ],
            [
               11,
               31,
               51,
               71,
               91,
               111,
               136,
               143,
               144,
               151
            ],
            [
               12,
               32,
               52,
               72,
               92,
               112,
               137,
               167,
               181,
               186
            ],
            [
               13,
               33,
               53,
               73,
               93,
               113,
               139,
               168,
               183,
               189
            ],
            [
               14,
               34,
               54,
               74,
               94,
               114,
               140,
               170,
               184,
               190
            ],
            [
               15,
               35,
               55,
               75,
               95,
               115,
               161,
               180,
               154,
               148
            ],
            [
               16,
               36,
               56,
               76,
               96,
               116,
               141,
               172,
               173,
               178
            ],
            [
               17,
               37,
               57,
               77,
               97,
               117,
               142,
               174,
               185,
               187
            ],
            [
               18,
               38,
               58,
               78,
               98,
               118,
               145,
               149,
               150,
               155
            ],
            [
               19,
               39,
               59,
               79,
               99,
               119,
               146,
               175,
               188,
               191
            ],
            [
               20,
               40,
               60,
               80,
               100,
               120,
               147,
               153,
               156,
               163
            ]
         ]
      },
      "chuffed": {
         "time": 300,
         "optimal": false,
         "obj": "None",
         "solution": null
      }
   },
   "impliedConsObjFun": {
      "gecode": {
         "time": 300,
         "optimal": false,
         "obj": 988,
         "solution": [
            [
               1,
               21,
               41,
               61,
               81,
               101,
               121,
               141,
               161
            ],
            [
               2,
               22,
               42,
               62,
               82,
               102,
               122,
               142,
               162
            ],
            [
               3,
               23,
               43,
               63,
               83,
               103,
               123,
               143,
               163
            ],
            [
               4,
               24,
               44,
               64,
               84,
               104,
               124,
               144,
               164
            ],
            [
               5,
               25,
               45,
               65,
               85,
               105,
               125,
               145,
               165
            ],
            [
               6,
               26,
               46,
               66,
               86,
               106,
               126,
               146,
               166
            ],
            [
               7,
               27,
               47,
               67,
               87,
               107,
               127,
               147,
               167
            ],
            [
               8,
               28,
               48,
               68,
               88,
               108,
               128,
               148,
               168
            ],
            [
               9,
               29,
               49,
               69,
               89,
               109,
               129,
               149,
               169
            ],
            [
               10,
               30,
               50,
               70,
               90,
               110,
               130,
               150,
               170,
               184
            ],
            [
               11,
               31,
               51,
               71,
               91,
               111,
               131,
               151,
               171,
               186
            ],
            [
               12,
               32,
               52,
               72,
               92,
               112,
               132,
               152,
               172,
               183
            ],
            [
               13,
               33,
               53,
               73,
               93,
               113,
               133,
               153,
               173,
               188
            ],
            [
               14,
               34,
               54,
               74,
               94,
               114,
               134,
               154,
               174,
               190
            ],
            [
               15,
               35,
               55,
               75,
               95,
               115,
               135,
               155,
               175,
               185
            ],
            [
               16,
               36,
               56,
               76,
               96,
               116,
               136,
               156,
               176,
               181
            ],
            [
               17,
               37,
               57,
               77,
               97,
               117,
               137,
               157,
               177,
               178
            ],
            [
               18,
               38,
               58,
               78,
               98,
               118,
               138,
               158,
               179,
               191
            ],
            [
               19,
               39,
               59,
               79,
               99,
               119,
               139,
               159,
               180,
               189
            ],
            [
               20,
               40,
               60,
               80,
               100,
               120,
               140,
               160,
               182,
               187
            ]
         ]
      }
   }
}