{
   "defaultModelMaxDist": {
      "gecode": {
         "time": 300,
         "optimal": false,
         "obj": 378,
         "solution": [
            [
               1,
               21,
               30
            ],
            [
               2,
               22,
               49
            ],
            [
               3,
               24,
               25
            ],
            [
               4,
               23,
               47
            ],
            [
               5,
               26,
               27
            ],
            [
               6,
               28,
               29
            ],
            [
               7,
               31,
               51
            ],
            [
               8,
               32,
               50
            ],
            [
               9,
               33,
               34
            ],
            [
               10,
               35,
               52,
               53
            ],
            [
               11,
               36,
               55,
               70
            ],
            [
               12,
               37,
               58,
               71
            ],
            [
               13,
               38,
               59,
               61
            ],
            [
               14,
               39,
               60,
               62
            ],
            [
               15,
               40,
               64,
               66
            ],
            [
               16,
               41,
               42,
               48
            ],
            [
               17,
               43,
               65,
               67
            ],
            [
               18,
               44,
               69,
               68
            ],
            [
               19,
               45,
               57,
               63
            ],
            [
               20,
               46,
               56,
               54
            ]
         ]
      },
      "chuffed": {
         "time": 300,
         "optimal": false,
         "obj": "None",
         "solution": null
      }
   },
   "defaultModelObjFun": {
      "gecode": {
         "time": 300,
         "optimal": false,
         "obj": 492,
         "solution": [
            [
               1,
               21,
               41
            ],
            [
               2,
               22,
               42
            ],
            [
               3,
               23,
               43
            ],
            [
               4,
               24,
               44
            ],
            [
               5,
               25,
               45
            ],
            [
               6,
               26,
               46
            ],
            [
               7,
               27,
               47
            ],
            [
               8,
               28,
               48
            ],
            [
               9,
               29,
               49
            ],
            [
               10,
               30,
               50,
               61
            ],
            [
               11,
               31,
               51,
               64
            ],
            [
               12,
               32,
               52,
               66
            ],
            [
               13,
               33,
               53,
               69
            ],
            [
               14,
               34,
               54,
               62
            ],
            [
               15,
               35,
               55,
               67
            ],
            [
               16,
               36,
               56,
               71
            ],
            [
               17,
               37,
               57,
               63
            ],
            [
               18,
               38,
               58,
               65
            ],
            [
               19,
               39,
               59,
               68
            ],
            [
               20,
               40,
               60,
               70
            ]
         ]
      }
   },
   "impliedConsMaxDist": {
      "gecode": {
         "time": 300,
         "optimal": false,
         "obj": 378,
         "solution": [
            [
               1,
               21,
               30
            ],
            [
               2,
               22,
               49
            ],
            [
               3,
               24,
               25
            ],
            [
               4,
               23,
               47
            ],
            [
               5,
               26,
               27
            ],
            [
               6,
               28,
               29
            ],
            [
               7,
               31,
               51
            ],
            [
               8,
               32,
               50
            ],
            [
               9,
               33,
               34
            ],
            [
               10,
               35,
               52,
               53
            ],
            [
               11,
               36,
               55,
               70
            ],
            [
               12,
               37,
               58,
               71
            ],
            [
               13,
               38,
               59,
               61
            ],
            [
               14,
               39,
               60,
               62
            ],
            [
               15,
               40,
               64,
               66
            ],
            [
               16,
               41,
               42,
               48
            ],
            [
               17,
               43,
               65,
               67
            ],
            [
               18,
               44,
               69,
               68
            ],
            [
               19,
               45,
               57,
               63
            ],
            [
               20,
               46,
               56,
               54
            ]
         ]
      },
      "chuffed": {
         "time": 300,
         "optimal": false,
         "obj": 412,
         "solution": [
            [
               1
            ],
            [
               2
            ],
            [
               3
            ],
            [
               4
            ],
            [
               5
            ],
            [
               6,
               21,
               36,
               51,
               68
            ],
            [
               7,
               22,
               37,
               52,
               69
            ],
            [
               8,
               23,
               40,
               55,
               66
            ],
            [
               9,
               24,
               41,
               58,
               70
            ],
            [
               10,
               25,
               38,
               54,
               62
            ],
            [
               11,
               26,
               39,
               71,
               67
            ],
            [
               12,
               27,
               42,
               65
            ],
            [
               13,
               28,
               43,
               63
            ],
            [
               14,
               29,
               44,
               57
            ],
            [
               15,
               30,
               45,
               56
            ],
            [
               16,
               31,
               46,
               53
            ],
            [
               17,
               32,
               48,
               60
            ],
            [
               18,
               33,
               47,
               59
            ],
            [
               19,
               34,
               49,
               64
            ],
            [
               20,
               35,
               50,
               61
            ]
         ]
      }
   },
   "impliedConsObjFun": {
      "gecode": {
         "time": 300,
         "optimal": false,
         "obj": 492,
         "solution": [
            [
               1,
               21,
               41
            ],
            [
               2,
               22,
               42
            ],
            [
               3,
               23,
               43
            ],
            [
               4,
               24,
               44
            ],
            [
               5,
               25,
               45
            ],
            [
               6,
               26,
               46
            ],
            [
               7,
               27,
               47
            ],
            [
               8,
               28,
               48
            ],
            [
               9,
               29,
               49
            ],
            [
               10,
               30,
               50,
               61
            ],
            [
               11,
               31,
               51,
               64
            ],
            [
               12,
               32,
               52,
               66
            ],
            [
               13,
               33,
               53,
               69
            ],
            [
               14,
               34,
               54,
               62
            ],
            [
               15,
               35,
               55,
               67
            ],
            [
               16,
               36,
               56,
               71
            ],
            [
               17,
               37,
               57,
               63
            ],
            [
               18,
               38,
               58,
               65
            ],
            [
               19,
               39,
               59,
               68
            ],
            [
               20,
               40,
               60,
               70
            ]
         ]
      }
   }
}