{
   "defaultModelMaxDist": {
      "gecode": {
         "time": 0,
         "optimal": true,
         "obj": 206,
         "solution": [
            [
               2
            ],
            [
               1,
               3
            ]
         ]
      },
      "chuffed": {
         "time": 0,
         "optimal": true,
         "obj": 206,
         "solution": [
            [
               2
            ],
            [
               1,
               3
            ]
         ]
      }
   },
   "defaultModelObjFun": {
      "gecode": {
         "time": 0,
         "optimal": true,
         "obj": 206,
         "solution": [
            [
               2
            ],
            [
               1,
               3
            ]
         ]
      }
   },
   "impliedConsMaxDist": {
      "gecode": {
         "time": 0,
         "optimal": true,
         "obj": 206,
         "solution": [
            [
               2
            ],
            [
               1,
               3
            ]
         ]
      },
      "chuffed": {
         "time": 0,
         "optimal": true,
         "obj": 206,
         "solution": [
            [
               2
            ],
            [
               1,
               3
            ]
         ]
      }
   },
   "impliedConsObjFun": {
      "gecode": {
         "time": 0,
         "optimal": true,
         "obj": 206,
         "solution": [
            [
               2
            ],
            [
               1,
               3
            ]
         ]
      }
   }
}