{
   "defaultModelMaxDist": {
      "gecode": {
         "time": 0,
         "optimal": true,
         "obj": 167,
         "solution": [
            [
               1,
               4
            ],
            [
               3,
               8,
               6
            ],
            [
               5,
               9,
               15
            ],
            [
               7,
               11,
               12
            ],
            [
               10,
               14,
               16
            ],
            [
               17,
               2,
               13
            ]
         ]
      },
      "chuffed": {
         "time": 300,
         "optimal": false,
         "obj": 190,
         "solution": [
            [
               1
            ],
            [
               2
            ],
            [
               3
            ],
            [
               4,
               7,
               13
            ],
            [
               5,
               9,
               12,
               11,
               15
            ],
            [
               6,
               8,
               17,
               16,
               14,
               10
            ]
         ]
      }
   },
   "defaultModelObjFun": {
      "gecode": {
         "time": 300,
         "optimal": false,
         "obj": 172,
         "solution": [
            [
               1,
               4
            ],
            [
               2,
               13,
               12
            ],
            [
               5,
               9,
               15
            ],
            [
               7,
               3,
               8
            ],
            [
               11,
               14,
               10
            ],
            [
               17,
               16,
               6
            ]
         ]
      }
   },
   "impliedConsMaxDist": {
      "gecode": {
         "time": 0,
         "optimal": true,
         "obj": 167,
         "solution": [
            [
               1,
               4
            ],
            [
               3,
               8,
               6
            ],
            [
               5,
               9,
               15
            ],
            [
               7,
               11,
               12
            ],
            [
               10,
               14,
               16
            ],
            [
               17,
               2,
               13
            ]
         ]
      },
      "chuffed": {
         "time": 6,
         "optimal": true,
         "obj": 167,
         "solution": [
            [
               1,
               7
            ],
            [
               2,
               9
            ],
            [
               3,
               8,
               17,
               16
            ],
            [
               4,
               14,
               13,
               12
            ],
            [
               5,
               11,
               15
            ],
            [
               6,
               10
            ]
         ]
      }
   },
   "impliedConsObjFun": {
      "gecode": {
         "time": 300,
         "optimal": false,
         "obj": 172,
         "solution": [
            [
               1,
               4
            ],
            [
               2,
               13,
               12
            ],
            [
               5,
               9,
               15
            ],
            [
               7,
               3,
               8
            ],
            [
               11,
               14,
               10
            ],
            [
               17,
               16,
               6
            ]
         ]
      }
   }
}